serial_number,movie_name,star,describe,introduce,movie_url,evaluate
1,肖申克的救赎,9.6,希望让人自由。,1994/美国/犯罪剧情,https://movie.douban.com/subject/1292052/,1312659人评价
2,霸王别姬,9.6,风华绝代。,1993/中国大陆香港/剧情爱情同性,https://movie.douban.com/subject/1291546/,969242人评价
3,这个杀手不太冷,9.4,怪蜀黍和小萝莉不得不说的故事。,1994/法国/剧情动作犯罪,https://movie.douban.com/subject/1295644/,1203059人评价
4,阿甘正传,9.4,一部美国近现代史。,1994/美国/剧情爱情,https://movie.douban.com/subject/1292720/,1034368人评价
5,美丽人生,9.5,最美的谎言。,1997/意大利/剧情喜剧爱情战争,https://movie.douban.com/subject/1292063/,605634人评价
6,泰坦尼克号,9.3,失去的才是永恒的。 ,1997/美国/剧情爱情灾难,https://movie.douban.com/subject/1292722/,971445人评价
7,千与千寻,9.3,最好的宫崎骏，最好的久石让。 ,2001/日本/剧情动画奇幻,https://movie.douban.com/subject/1291561/,962626人评价
8,辛德勒的名单,9.5,拯救一个人，就是拯救整个世界。,1993/美国/剧情历史战争,https://movie.douban.com/subject/1295124/,540920人评价
9,盗梦空间,9.3,诺兰给了我们一场无法盗取的梦。,2010/美国英国/剧情科幻悬疑冒险,https://movie.douban.com/subject/3541415/,1047836人评价
10,忠犬八公的故事,9.3,永远都不能忘记你所爱的人。,2009/美国英国/剧情,https://movie.douban.com/subject/3011091/,684422人评价
11,机器人总动员,9.3,小瓦力，大人生。,2008/美国/爱情科幻动画冒险,https://movie.douban.com/subject/2131459/,696532人评价
12,三傻大闹宝莱坞,9.2,英俊版憨豆，高情商版谢耳朵。,2009/印度/剧情喜剧爱情歌舞,https://movie.douban.com/subject/3793023/,938043人评价
13,海上钢琴师,9.2,每个人都要走一条自己坚定了的路，就算是粉身碎骨。 ,1998/意大利/剧情音乐,https://movie.douban.com/subject/1292001/,776178人评价
14,放牛班的春天,9.3,天籁一般的童声，是最接近上帝的存在。 ,2004/法国瑞士德国/剧情音乐,https://movie.douban.com/subject/1291549/,648153人评价
15,大话西游之大圣娶亲,9.2,一生所爱。,1995/香港中国大陆/喜剧爱情奇幻冒险,https://movie.douban.com/subject/1292213/,721757人评价
16,楚门的世界,9.2,如果再也不能见到你，祝你早安，午安，晚安。,1998/美国/剧情科幻,https://movie.douban.com/subject/1292064/,707668人评价
17,星际穿越,9.2,爱是一种力量，让我们超越时空感知它的存在。,2014/美国英国加拿大冰岛/剧情科幻冒险,https://movie.douban.com/subject/1889243/,728528人评价
18,龙猫,9.2,人人心中都有个龙猫，童年就永远不会消失。,1988/日本/动画奇幻冒险,https://movie.douban.com/subject/1291560/,636425人评价
19,教父,9.2,千万不要记恨你的对手，这样会让你失去理智。,1972/美国/剧情犯罪,https://movie.douban.com/subject/1291841/,472173人评价
20,熔炉,9.3,我们一路奋战不是为了改变世界，而是为了不让世界改变我们。,2011/韩国/剧情,https://movie.douban.com/subject/5912992/,411355人评价
21,无间道,9.1,香港电影史上永不过时的杰作。,2002/香港/剧情犯罪悬疑,https://movie.douban.com/subject/1307914/,592299人评价
22,当幸福来敲门,9.0,平民励志片。 ,2006/美国/剧情传记家庭,https://movie.douban.com/subject/1849031/,757889人评价
23,疯狂动物城,9.2,迪士尼给我们营造的乌托邦就是这样，永远善良勇敢，永远出乎意料。,2016/美国/喜剧动画冒险,https://movie.douban.com/subject/25662329/,802060人评价
24,怦然心动,9.0,真正的幸福是来自内心深处。,2010/美国/剧情喜剧爱情,https://movie.douban.com/subject/3319755/,827425人评价
25,触不可及,9.2,满满温情的高雅喜剧。,2011/法国/剧情喜剧,https://movie.douban.com/subject/6786002/,498054人评价
26,乱世佳人,9.2,Tomorrow is another day.,1939/美国/剧情历史爱情战争,https://movie.douban.com/subject/1300267/,353753人评价
27,蝙蝠侠：黑暗骑士,9.1,无尽的黑暗。,2008/美国英国/剧情动作科幻犯罪惊悚,https://movie.douban.com/subject/1851857/,480529人评价
28,活着,9.2,张艺谋最好的电影。,1994/中国大陆香港/剧情历史家庭,https://movie.douban.com/subject/1292365/,388677人评价
29,少年派的奇幻漂流,9.0,瑰丽壮观、无人能及的冒险之旅。,2012/美国台湾英国加拿大/剧情奇幻冒险,https://movie.douban.com/subject/1929463/,766526人评价
30,天堂电影院,9.1,那些吻戏，那些青春，都在影院的黑暗里被泪水冲刷得无比清晰。,1988/意大利法国/剧情爱情,https://movie.douban.com/subject/1291828/,384160人评价
31,鬼子来了,9.2,对敌人的仁慈，就是对自己残忍。,2000/中国大陆/剧情历史战争,https://movie.douban.com/subject/1291858/,319132人评价
32,十二怒汉,9.4,1957年的理想主义。 ,1957/美国/剧情,https://movie.douban.com/subject/1293182/,228379人评价
33,控方证人,9.6,比利·怀德满分作品。,1957/美国/剧情犯罪悬疑,https://movie.douban.com/subject/1296141/,161557人评价
34,指环王3：王者无敌,9.1,史诗的终章。,2003/美国新西兰/剧情动作奇幻冒险,https://movie.douban.com/subject/1291552/,382553人评价
35,天空之城,9.1,对天空的追逐，永不停止。 ,1986/日本/动画奇幻冒险,https://movie.douban.com/subject/1291583/,447863人评价
36,飞屋环游记,8.9,最后那些最无聊的事情，才是最值得怀念的。 ,2009/美国/剧情喜剧动画冒险,https://movie.douban.com/subject/2129039/,681947人评价
37,搏击俱乐部,9.0,邪恶与平庸蛰伏于同一个母体，在特定的时间互相对峙。,1999/美国德国/剧情动作悬疑惊悚,https://movie.douban.com/subject/1292000/,496391人评价
38,大话西游之月光宝盒,8.9,旷古烁今。,1995/香港中国大陆/喜剧爱情奇幻冒险,https://movie.douban.com/subject/1299398/,581418人评价
39,摔跤吧！爸爸,9.0,你不是在为你一个人战斗，你要让千千万万的女性看到女生并不是只能相夫教子。,2016/印度/剧情传记运动家庭,https://movie.douban.com/subject/26387939/,715374人评价
40,罗马假日,9.0,爱情哪怕只有一天。,1953/美国/喜剧剧情爱情,https://movie.douban.com/subject/1293839/,512929人评价
41,哈尔的移动城堡,9.0,带着心爱的人在天空飞翔。,2004/日本/动画奇幻冒险,https://movie.douban.com/subject/1308807/,491450人评价
42,窃听风暴,9.1,别样人生。,2006/德国/剧情悬疑,https://movie.douban.com/subject/1900841/,304664人评价
43,闻香识女人,9.0,史上最美的探戈。,1992/美国/剧情,https://movie.douban.com/subject/1298624/,435829人评价
44,辩护人,9.2,电影的现实意义大过电影本身。,2013/韩国/剧情,https://movie.douban.com/subject/21937445/,300969人评价
45,两杆大烟枪,9.1,4个臭皮匠顶个诸葛亮，盖·里奇果然不是盖的。,1998/英国/剧情喜剧犯罪,https://movie.douban.com/subject/1293350/,340017人评价
46,飞越疯人院,9.1,自由万岁。,1975/美国/剧情,https://movie.douban.com/subject/1292224/,343283人评价
47,死亡诗社,9.0,当一个死水般的体制内出现一个活跃的变数时，所有的腐臭都站在了光明的对面。,1989/美国/剧情,https://movie.douban.com/subject/1291548/,372533人评价
48,V字仇杀队,8.8,一张面具背后的理想与革命。,2005/美国英国德国/剧情动作科幻惊悚,https://movie.douban.com/subject/1309046/,567601人评价
49,指环王2：双塔奇兵,9.0,承前启后的史诗篇章。,2002/美国新西兰/剧情动作奇幻冒险,https://movie.douban.com/subject/1291572/,358833人评价
50,教父2,9.1,优雅的孤独。,1974/美国/剧情犯罪,https://movie.douban.com/subject/1299131/,255500人评价
51,海豚湾,9.3,海豚的微笑，是世界上最高明的伪装。,2009/美国/纪录片,https://movie.douban.com/subject/3442220/,226218人评价
52,末代皇帝,9.1,“不要跟我比惨，我比你更惨”再适合这部电影不过了。,1987/英国意大利中国大陆法国美国/剧情传记历史,https://movie.douban.com/subject/1293172/,280690人评价
53,指环王1：魔戒再现,8.9,传说的开始。,2001/新西兰美国/剧情动作奇幻冒险,https://movie.douban.com/subject/1291571/,401912人评价
54,素媛,9.2,受过伤害的人总是笑得最开心，因为他们不愿意让身边的人承受一样的痛苦。,2013/韩国/剧情,https://movie.douban.com/subject/21937452/,265873人评价
55,饮食男女,9.1,人生不能像做菜，把所有的料都准备好了才下锅。,1994/台湾美国/剧情家庭,https://movie.douban.com/subject/1291818/,275961人评价
56,美丽心灵,8.9,爱是一切逻辑和原由。,2001/美国/传记剧情,https://movie.douban.com/subject/1306029/,394927人评价
57,情书,8.9,暗恋的极致。,1995/日本/剧情爱情,https://movie.douban.com/subject/1292220/,491635人评价
58,狮子王,8.9,动物版《哈姆雷特》。,1994/美国/剧情动画冒险歌舞家庭,https://movie.douban.com/subject/1301753/,380978人评价
59,钢琴家,9.1,音乐能化解仇恨。,2002/法国德国英国波兰/剧情传记历史战争音乐,https://movie.douban.com/subject/1296736/,260457人评价
60,美国往事,9.1,往事如烟，无处祭奠。,1984/意大利美国/犯罪剧情,https://movie.douban.com/subject/1292262/,223923人评价
61,本杰明·巴顿奇事,8.8,在时间之河里感受溺水之苦。,2008/美国/剧情爱情奇幻,https://movie.douban.com/subject/1485260/,512581人评价
62,小鞋子,9.2,奔跑的孩子是天使。,1997/伊朗/剧情家庭儿童,https://movie.douban.com/subject/1303021/,190742人评价
63,黑客帝国,8.9,视觉革命。,1999/美国澳大利亚/动作科幻,https://movie.douban.com/subject/1291843/,381170人评价
64,西西里的美丽传说,8.8,美丽无罪。,2000/意大利美国/剧情战争情色,https://movie.douban.com/subject/1292402/,480205人评价
65,七宗罪,8.8,警察抓小偷，老鼠玩死猫。,1995/美国/剧情犯罪悬疑惊悚,https://movie.douban.com/subject/1292223/,541438人评价
66,致命魔术,8.8,孪生蝙蝠侠大战克隆金刚狼。,2006/美国英国/剧情悬疑惊悚,https://movie.douban.com/subject/1780330/,447428人评价
67,看不见的客人,8.7,你以为你以为的就是你以为的。,2016/西班牙/剧情犯罪悬疑惊悚,https://movie.douban.com/subject/26580232/,525343人评价
68,让子弹飞,8.7,你给我翻译翻译，神马叫做TMD的惊喜。,2010/中国大陆香港/剧情喜剧动作西部,https://movie.douban.com/subject/3742360/,836328人评价
69,拯救大兵瑞恩,8.9,美利坚精神输出大片No1.,1998/美国/剧情历史战争,https://movie.douban.com/subject/1292849/,325202人评价
70,被嫌弃的松子的一生,8.9,以戏谑来戏谑戏谑。,2006/日本/剧情歌舞,https://movie.douban.com/subject/1787291/,395252人评价
71,寻梦环游记,9.0,死亡不是真的逝去，遗忘才是永恒的消亡。,2017/美国/喜剧动画奇幻音乐,https://movie.douban.com/subject/20495023/,673644人评价
72,大闹天宫,9.3,经典之作，历久弥新。,1961(中国大陆)/1964(中国大陆)/1978(中国大陆)/2004(中国大陆)/中国大陆/动画奇幻,https://movie.douban.com/subject/1418019/,153816人评价
73,音乐之声,9.0,用音乐化解仇恨，让歌声串起美好。,1965/美国/剧情传记爱情歌舞,https://movie.douban.com/subject/1294408/,300627人评价
74,哈利·波特与魔法石,8.9,童话世界的开端。,2001/美国英国/奇幻冒险,https://movie.douban.com/subject/1295038/,392687人评价
75,低俗小说,8.8,故事的高级讲法。,1994/美国/剧情喜剧犯罪,https://movie.douban.com/subject/1291832/,439103人评价
76,天使爱美丽,8.7,法式小清新。 ,2001/法国德国/喜剧爱情,https://movie.douban.com/subject/1292215/,600476人评价
77,勇敢的心,8.8,史诗大片的典范。,1995/美国/动作传记剧情历史战争,https://movie.douban.com/subject/1294639/,358526人评价
78,沉默的羔羊,8.8,安东尼·霍普金斯的顶级表演。,1991/美国/剧情犯罪惊悚,https://movie.douban.com/subject/1293544/,446823人评价
79,剪刀手爱德华,8.7,浪漫忧郁的成人童话。,1990/美国/剧情奇幻爱情,https://movie.douban.com/subject/1292370/,613646人评价
80,蝴蝶效应,8.7,人的命运被自己瞬间的抉择改变。,2004/美国加拿大/剧情悬疑科幻惊悚,https://movie.douban.com/subject/1292343/,492263人评价
81,春光乍泄,8.9,爱情纠缠，男女一致。,1997/香港日本韩国/剧情爱情同性,https://movie.douban.com/subject/1292679/,325544人评价
82,猫鼠游戏,8.8,骗子大师和执著警探的你追我跑故事。 ,2002/美国加拿大/传记犯罪剧情,https://movie.douban.com/subject/1305487/,334142人评价
83,心灵捕手,8.8,人生中应该拥有这样的一段豁然开朗。,1997/美国/剧情,https://movie.douban.com/subject/1292656/,357135人评价
84,入殓师,8.8,死可能是一道门，逝去并不是终结，而是超越，走向下一程。,2008/日本/剧情,https://movie.douban.com/subject/2149806/,376124人评价
85,布达佩斯大饭店,8.8,小清新的故事里注入了大历史的情怀。,2014/美国德国英国/剧情喜剧冒险,https://movie.douban.com/subject/11525673/,436974人评价
86,禁闭岛,8.7,昔日翩翩少年，今日大腹便便。,2010/美国/剧情悬疑惊悚,https://movie.douban.com/subject/2334904/,474908人评价
87,穿条纹睡衣的男孩,9.0,尽管有些不切实际的幻想，这部电影依旧是一部感人肺腑的佳作。,2008/英国美国/剧情战争,https://movie.douban.com/subject/3008247/,213893人评价
88,幽灵公主,8.8,人与自然的战争史诗。,1997/日本/动画奇幻冒险,https://movie.douban.com/subject/1297359/,300791人评价
89,阳光灿烂的日子,8.8,一场华丽的意淫。,1994/中国大陆香港/剧情,https://movie.douban.com/subject/1291875/,345875人评价
90,玛丽和马克思,8.9,你是我最好的朋友，你是我唯一的朋友 。,2009/澳大利亚/剧情喜剧动画,https://movie.douban.com/subject/3072124/,271877人评价
91,第六感,8.8,深入内心的恐怖，出人意料的结局。,1999/美国/剧情悬疑惊悚,https://movie.douban.com/subject/1297630/,296516人评价
92,狩猎,9.1,人言可畏。,2012/丹麦瑞典/剧情,https://movie.douban.com/subject/6985810/,176739人评价
93,重庆森林,8.7,寂寞没有期限。,1994/香港/剧情爱情,https://movie.douban.com/subject/1291999/,423197人评价
94,致命ID,8.7,最不可能的那个人永远是最可能的。,2003/美国/剧情悬疑惊悚,https://movie.douban.com/subject/1297192/,410691人评价
95,阿凡达,8.6,绝对意义上的美轮美奂。,2009/美国英国/动作战争科幻冒险,https://movie.douban.com/subject/1652587/,691839人评价
96,断背山,8.7,每个人心中都有一座断背山。,2005/美国加拿大/剧情爱情同性家庭,https://movie.douban.com/subject/1418834/,406750人评价
97,加勒比海盗,8.7,约翰尼·德普的独角戏。,2003/美国/动作冒险奇幻,https://movie.douban.com/subject/1298070/,458827人评价
98,摩登时代,9.2,大时代中的人生，小人物的悲喜。,1936/美国/喜剧剧情爱情,https://movie.douban.com/subject/1294371/,126514人评价
99,告白,8.7,没有一人完全善，也没有一人完全恶。,2010/日本/剧情惊悚,https://movie.douban.com/subject/4268598/,427710人评价
100,大鱼,8.8,抱着梦想而活着的人是幸福的，怀抱梦想而死去的人是不朽的。,2003/美国/剧情家庭奇幻冒险,https://movie.douban.com/subject/1291545/,316017人评价
101,一一,9.0,我们都曾经是一一。,2000/台湾日本/剧情爱情家庭,https://movie.douban.com/subject/1292434/,192348人评价
102,射雕英雄传之东成西就,8.7,百看不厌。 ,1993/香港/喜剧古装,https://movie.douban.com/subject/1316510/,345984人评价
103,消失的爱人,8.7,年度最佳date movie。,2014/美国/剧情犯罪悬疑惊悚,https://movie.douban.com/subject/21318488/,466421人评价
104,阳光姐妹淘,8.8,再多各自牛逼的时光，也比不上一起傻逼的岁月。 ,2011/韩国/剧情喜剧,https://movie.douban.com/subject/4917726/,340906人评价
105,甜蜜蜜,8.8,相逢只要一瞬间，等待却像是一辈子。,1996/香港/剧情爱情,https://movie.douban.com/subject/1305164/,282126人评价
106,喜剧之王,8.6,我是一个演员。,1999/香港/喜剧剧情爱情,https://movie.douban.com/subject/1302425/,436990人评价
107,爱在黎明破晓前,8.8,缘分是个连绵词，最美不过一瞬。,1995/美国奥地利瑞士/剧情爱情,https://movie.douban.com/subject/1296339/,287166人评价
108,小森林 夏秋篇,8.9,那些静得只能听见呼吸的日子里，你明白孤独即生活。,2014/日本/剧情,https://movie.douban.com/subject/25814705/,191584人评价
109,侧耳倾听,8.8,少女情怀总是诗。,1995/日本/剧情爱情动画,https://movie.douban.com/subject/1297052/,223783人评价
110,上帝之城,8.9,被上帝抛弃了的上帝之城。,2002/巴西法国/犯罪剧情,https://movie.douban.com/subject/1292208/,185876人评价
111,恐怖直播,8.7,恐怖分子的“秋菊打官司”。,2013/韩国/剧情犯罪悬疑,https://movie.douban.com/subject/21360417/,306686人评价
112,倩女幽魂,8.7,两张绝世的脸。 ,1987/香港/剧情爱情武侠古装,https://movie.douban.com/subject/1297447/,347978人评价
113,红辣椒,8.9,梦的勾结。,2006/日本/动画悬疑科幻惊悚,https://movie.douban.com/subject/1865703/,182256人评价
114,风之谷,8.8,动画片的圣经。,1984/日本/动画奇幻冒险,https://movie.douban.com/subject/1291585/,222012人评价
115,超脱,8.8,穷尽一生，我们要学会的，不过是彼此拥抱。,2011/美国/剧情,https://movie.douban.com/subject/5322596/,227946人评价
116,爱在日落黄昏时,8.8,九年后的重逢是世俗和责任的交叠，没了悸动和青涩，沧桑而温暖。,2004/美国/剧情爱情,https://movie.douban.com/subject/1291990/,251706人评价
117,驯龙高手,8.7,和谐的生活离不开摸头与被摸头。,2010/美国/动画奇幻冒险,https://movie.douban.com/subject/2353023/,372527人评价
118,请以你的名字呼唤我,8.8,沉醉在电影的情感和视听氛围中无法自拔。,2017/意大利法国巴西美国/剧情爱情同性,https://movie.douban.com/subject/26799731/,269875人评价
119,菊次郎的夏天,8.8,从没见过那么流氓的温柔，从没见过那么温柔的流氓。,1999/日本/剧情喜剧,https://movie.douban.com/subject/1293359/,245281人评价
120,幸福终点站,8.7,有时候幸福需要等一等。 ,2004/美国/喜剧剧情爱情,https://movie.douban.com/subject/1292274/,279815人评价
121,哈利·波特与死亡圣器(下),8.7,10年的完美句点。,2011/美国英国/剧情悬疑奇幻冒险,https://movie.douban.com/subject/3011235/,361123人评价
122,杀人回忆,8.7,关于连环杀人悬案的集体回忆。,2003/韩国/犯罪剧情悬疑惊悚,https://movie.douban.com/subject/1300299/,267818人评价
123,神偷奶爸,8.5,Mr. I Don't Care其实也有Care的时候。,2010/美国法国/喜剧动画冒险,https://movie.douban.com/subject/3287562/,503589人评价
124,借东西的小人阿莉埃蒂,8.7,曾经的那段美好会沉淀为一辈子的记忆。,2010/日本/动画奇幻冒险,https://movie.douban.com/subject/4202302/,274627人评价
125,小森林 冬春篇,9.0,尊敬他人，尊敬你生活的这片土地，明白孤独是人生的常态。,2015/日本/剧情,https://movie.douban.com/subject/25814707/,166970人评价
126,7号房的礼物,8.8,《我是山姆》的《美丽人生》。,2013/韩国/剧情喜剧家庭,https://movie.douban.com/subject/10777687/,236495人评价
127,怪兽电力公司,8.6,不要给它起名字，起了名字就有感情了。,2001/美国/儿童喜剧动画奇幻冒险,https://movie.douban.com/subject/1291579/,320224人评价
128,岁月神偷,8.6,岁月流逝，来日可追。,2010/香港中国大陆/剧情家庭,https://movie.douban.com/subject/3792799/,364989人评价
129,七武士,9.2,时代悲歌。,1954/日本/动作冒险剧情,https://movie.douban.com/subject/1295399/,98803人评价
130,萤火之森,8.8,触不到的恋人。,2011/日本/剧情爱情动画奇幻,https://movie.douban.com/subject/5989818/,220019人评价
131,真爱至上,8.5,爱，是个动词。,2003/英国美国法国/喜剧剧情爱情,https://movie.douban.com/subject/1292401/,394398人评价
132,电锯惊魂,8.7,真相就在眼前。,2004/美国/悬疑惊悚恐怖,https://movie.douban.com/subject/1417598/,252378人评价
133,超能陆战队,8.6,Balalala~~~,2014/美国/喜剧动作科幻动画冒险,https://movie.douban.com/subject/11026735/,493143人评价
134,谍影重重3,8.7,像吃了苏打饼一样干脆的电影。,2007/美国德国/动作悬疑惊悚,https://movie.douban.com/subject/1578507/,229078人评价
135,唐伯虎点秋香,8.5,华太师是黄霑，吴镇宇四大才子之一。,1993/香港/喜剧爱情古装,https://movie.douban.com/subject/1306249/,464110人评价
136,蝙蝠侠：黑暗骑士崛起,8.6,诺兰就是保证。,2012/美国英国/剧情动作科幻犯罪惊悚,https://movie.douban.com/subject/3395373/,369889人评价
137,萤火虫之墓,8.7,幸福是生生不息，却难以触及的远。 ,1988/日本/动画剧情战争,https://movie.douban.com/subject/1293318/,248860人评价
138,疯狂原始人,8.7,老少皆宜，这就是好莱坞动画的魅力。,2013/美国/喜剧动画冒险,https://movie.douban.com/subject/1907966/,465745人评价
139,喜宴,8.9,中国家庭的喜怒哀乐忍。,1993/台湾美国/剧情喜剧爱情同性家庭,https://movie.douban.com/subject/1303037/,176078人评价
140,东邪西毒,8.6,电影诗。,1994/香港台湾/剧情动作爱情武侠古装,https://movie.douban.com/subject/1292328/,323173人评价
141,贫民窟的百万富翁,8.5,上帝之城+猜火车+阿甘正传+开心辞典=山寨富翁,2008/英国美国/剧情爱情,https://movie.douban.com/subject/2209573/,463700人评价
142,记忆碎片,8.6,一个针管引发的血案。,2000/美国/犯罪剧情悬疑惊悚,https://movie.douban.com/subject/1304447/,342431人评价
143,黑天鹅,8.5,黑暗之美。,2010/美国/剧情惊悚,https://movie.douban.com/subject/1978709/,504836人评价
144,英雄本色,8.6,英雄泪短，兄弟情长。 ,1986/香港/动作犯罪,https://movie.douban.com/subject/1297574/,236785人评价
145,心迷宫,8.7,荒诞讽刺，千奇百巧，抽丝剥茧，百转千回。,2014/中国大陆/剧情犯罪悬疑,https://movie.douban.com/subject/25917973/,243044人评价
146,无人知晓,9.1,我的平常生活就是他人的幸福。,2004/日本/剧情,https://movie.douban.com/subject/1292337/,105374人评价
147,雨人,8.7,生活在自己的世界里，也可以让周围的人显得可笑和渺小。,1988/美国/剧情,https://movie.douban.com/subject/1291870/,246562人评价
148,傲慢与偏见,8.5,爱是摈弃傲慢与偏见之后的曙光。,2005/法国英国美国/剧情爱情,https://movie.douban.com/subject/1418200/,382854人评价
149,荒蛮故事,8.8,始于荒诞，止于更荒诞。,2014/阿根廷西班牙/剧情喜剧犯罪,https://movie.douban.com/subject/24750126/,194439人评价
150,血战钢锯岭,8.7,优秀的战争片不会美化战场，不会粉饰死亡，不会矮化敌人，不会无视常识，最重要的，不会宣扬战争。,2016/美国澳大利亚/剧情传记历史战争,https://movie.douban.com/subject/26325320/,417875人评价
151,纵横四海,8.7,香港浪漫主义警匪动作片的巅峰之作。,1991/香港/剧情喜剧动作犯罪,https://movie.douban.com/subject/1295409/,197291人评价
152,时空恋旅人,8.7,把每天当作最后一天般珍惜度过，积极拥抱生活，就是幸福。,2013/英国/喜剧爱情奇幻,https://movie.douban.com/subject/10577869/,265065人评价
153,卢旺达饭店,8.9,当这个世界闭上双眼，他却敞开了怀抱。,2004/英国南非意大利美国/剧情历史战争,https://movie.douban.com/subject/1291822/,148124人评价
154,教父3,8.8,任何信念的力量，都无法改变命运。,1990/美国/剧情犯罪,https://movie.douban.com/subject/1294240/,168615人评价
155,玩具总动员3,8.8,跨度十五年的欢乐与泪水。,2010/美国/喜剧动画奇幻冒险,https://movie.douban.com/subject/1858711/,240053人评价
156,达拉斯买家俱乐部,8.7,Jared Leto的腿比女人还美！,2013/美国/剧情传记同性,https://movie.douban.com/subject/1793929/,237787人评价
157,海边的曼彻斯特,8.6,我们都有权利不与自己的过去和解。,2016/美国/剧情家庭,https://movie.douban.com/subject/25980443/,264777人评价
158,花样年华,8.6,偷情本没有这样美。,2000/香港/剧情爱情,https://movie.douban.com/subject/1291557/,305267人评价
159,完美的世界,9.0,坏人的好总是比好人的好来得更感人。,1993/美国/剧情犯罪,https://movie.douban.com/subject/1300992/,105705人评价
160,海洋,9.0,大海啊，不全是水。,2009/法国瑞士西班牙美国阿联酋/纪录片,https://movie.douban.com/subject/3443389/,110549人评价
161,虎口脱险,8.9,永远看不腻的喜剧。,1966/法国英国/喜剧战争,https://movie.douban.com/subject/1296909/,128469人评价
162,恋恋笔记本,8.5,爱情没有那么多借口，如果不能圆满，只能说明爱的不够。 ,2004/美国/剧情爱情,https://movie.douban.com/subject/1309163/,349092人评价
163,你看起来好像很好吃,8.8,感情不分食草或者食肉。,2010/日本/剧情动画儿童,https://movie.douban.com/subject/4848115/,183621人评价
164,燃情岁月,8.7,传奇，不是每个人都可以拥有。,1994/美国/剧情爱情西部家庭,https://movie.douban.com/subject/1295865/,171815人评价
165,二十二,8.7,有一些东西不应该被遗忘。,2015/中国大陆/纪录片,https://movie.douban.com/subject/26430107/,145540人评价
166,冰川时代,8.5,松鼠才是角儿。,2002/美国/喜剧动画冒险,https://movie.douban.com/subject/1291578/,340267人评价
167,雨中曲,9.0,骨灰级歌舞片。,1952/美国/喜剧歌舞爱情,https://movie.douban.com/subject/1293460/,112421人评价
168,头脑特工队,8.7,愿我们都不用长大，每一座城堡都能永远存在。,2015/美国/喜剧动画冒险,https://movie.douban.com/subject/10533913/,300448人评价
169,我是山姆,8.8,爱并不需要智商 。,2001/美国/剧情家庭,https://movie.douban.com/subject/1306861/,133810人评价
170,被解救的姜戈,8.6,热血沸腾，那个低俗、性感的无耻混蛋又来了。,2012/美国/剧情动作西部冒险,https://movie.douban.com/subject/6307447/,318805人评价
171,人工智能,8.6,对爱的执着，可以超越一切。,2001/美国/冒险剧情科幻,https://movie.douban.com/subject/1302827/,235650人评价
172,穿越时空的少女,8.6,爱上未来的你。 ,2006/日本/剧情爱情科幻动画,https://movie.douban.com/subject/1937946/,225343人评价
173,无敌破坏王,8.7,迪士尼和皮克斯拿错剧本的产物。,2012/美国/喜剧动画奇幻冒险,https://movie.douban.com/subject/6534248/,265276人评价
174,魂断蓝桥,8.8,中国式内在的美国电影。,1940/美国/剧情战争爱情,https://movie.douban.com/subject/1293964/,152771人评价
175,猜火车,8.5,不可猜的青春迷笛。 ,1996/英国/剧情犯罪,https://movie.douban.com/subject/1292528/,288073人评价
176,爆裂鼓手,8.6,这个世界从不善待努力的人，努力了也不一定会成功，但是知道自己在努力，就是活下去的动力。,2014/美国/剧情音乐,https://movie.douban.com/subject/25773932/,293454人评价
177,你的名字。,8.4,穿越错位的时空，仰望陨落的星辰，你没留下你的名字，我却无法忘记那句“我爱你”。,2016/日本/剧情爱情动画,https://movie.douban.com/subject/26683290/,647604人评价
178,未麻的部屋,8.9,好的剧本是，就算你猜到了结局也猜不到全部。,1997/日本/动画奇幻惊悚,https://movie.douban.com/subject/1395091/,127999人评价
179,罗生门,8.7,人生的N种可能性。,1950/日本/犯罪剧情悬疑,https://movie.douban.com/subject/1291879/,158189人评价
180,模仿游戏,8.6,他给机器起名“克里斯托弗”，因为这是他初恋的名字。,2014/英国美国/剧情传记战争同性,https://movie.douban.com/subject/10463953/,319800人评价
181,一个叫欧维的男人决定去死,8.8,惠及一生的美丽。,2015/瑞典/剧情,https://movie.douban.com/subject/26628357/,167519人评价
182,房间,8.8,被偷走的岁月，被伤害的生命，被禁锢的灵魂，终将被希望和善意救赎。,2015/爱尔兰加拿大英国美国/剧情家庭,https://movie.douban.com/subject/25724855/,201815人评价
183,阿飞正传,8.5,王家卫是一种风格，张国荣是一个代表。,1990/香港/犯罪剧情爱情,https://movie.douban.com/subject/1305690/,264453人评价
184,香水,8.4,一个单凭体香达到高潮的男人。,2006/德国法国西班牙美国/剧情犯罪奇幻,https://movie.douban.com/subject/1760622/,332860人评价
185,忠犬八公物语,9.1,养狗三日，便会对你终其一生。,1987/日本/剧情,https://movie.douban.com/subject/1959195/,82604人评价
186,恐怖游轮,8.4,不要企图在重复中寻找已经失去的爱。,2009/英国澳大利亚/剧情悬疑惊悚,https://movie.douban.com/subject/3011051/,408444人评价
187,完美陌生人,8.5,来啊，互相伤害啊！,2016/意大利/剧情喜剧,https://movie.douban.com/subject/26614893/,289860人评价
188,浪潮,8.7,世界离独裁只有五天。,2008/德国/剧情惊悚,https://movie.douban.com/subject/2297265/,159795人评价
189,魔女宅急便,8.5,宫崎骏的电影总让人感觉世界是美好的，阳光明媚的。,1989/日本/动画奇幻冒险,https://movie.douban.com/subject/1307811/,247417人评价
190,朗读者,8.5,当爱情跨越年龄的界限，它似乎能变得更久远一点，成为一种责任，一种水到渠成的相濡以沫。 ,2008/美国德国/剧情爱情,https://movie.douban.com/subject/2213597/,315775人评价
191,可可西里,8.7,坚硬的信仰。,2004/中国大陆香港/剧情犯罪,https://movie.douban.com/subject/1308857/,156950人评价
192,哪吒闹海,8.9,想你时你在闹海。,1979/中国大陆/冒险动画奇幻,https://movie.douban.com/subject/1307315/,106524人评价
193,三块广告牌,8.7,,2017/美国英国/剧情犯罪,https://movie.douban.com/subject/26611804/,414820人评价
194,战争之王,8.6,做一颗让别人需要你的棋子。,2005/美国法国/剧情犯罪,https://movie.douban.com/subject/1419936/,206118人评价
195,谍影重重,8.5,哗啦啦啦啦，天在下雨，哗啦啦啦啦，云在哭泣……找自己。,2002/美国德国捷克/动作悬疑惊悚,https://movie.douban.com/subject/1304102/,236343人评价
196,黑客帝国3：矩阵革命,8.6,不得不说，《黑客帝国》系列是商业片与科幻、哲学完美结合的典范。,2003/美国澳大利亚/动作科幻,https://movie.douban.com/subject/1302467/,198429人评价
197,谍影重重2,8.6,谁说王家卫镜头很晃？,2004/美国德国/动作悬疑惊悚,https://movie.douban.com/subject/1308767/,197459人评价
198,地球上的星星,8.9,天使保护事件始末。,2007/印度/剧情儿童家庭,https://movie.douban.com/subject/2363506/,106884人评价
199,牯岭街少年杀人事件,8.8,弱者送给弱者的一刀。,1991/台湾/剧情犯罪,https://movie.douban.com/subject/1292329/,133372人评价
200,海街日记,8.7,是枝裕和的家庭习作。,2015/日本/剧情家庭,https://movie.douban.com/subject/25895901/,182240人评价
201,一次别离,8.7,只有有信仰的人才能说出事实真相。,2011/伊朗法国/剧情家庭,https://movie.douban.com/subject/5964718/,156536人评价
202,追随,8.9,诺兰的牛逼来源于内心散发出的恐惧。,1998/英国/犯罪悬疑惊悚,https://movie.douban.com/subject/1397546/,98937人评价
203,惊魂记,8.9,故事的反转与反转，分裂电影的始祖。,1960/美国/悬疑惊悚恐怖,https://movie.douban.com/subject/1293181/,106490人评价
204,青蛇,8.5,人生如此，浮生如斯。谁人言，花彼岸，此生情长意短。谁都是不懂爱的罢了。,1993/香港/剧情奇幻古装,https://movie.douban.com/subject/1303394/,275052人评价
205,撞车,8.6,天使与魔鬼的冲撞。,2004/美国德国/犯罪剧情,https://movie.douban.com/subject/1388216/,204154人评价
206,小萝莉的猴神大叔,8.5,宝莱坞的萝莉与大叔。,2015/印度/剧情喜剧动作,https://movie.douban.com/subject/26393561/,230213人评价
207,再次出发之纽约遇见你,8.5,爱我就给我看你的播放列表。,2013/美国/喜剧爱情音乐,https://movie.douban.com/subject/6874403/,219078人评价
208,梦之安魂曲,8.7,一场没有春天的噩梦。,2000/美国/剧情,https://movie.douban.com/subject/1292270/,133458人评价
209,步履不停,8.8,日本的家庭电影已经是世界巅峰了，步履不停是巅峰中的佳作。,2008/日本/剧情家庭,https://movie.douban.com/subject/2222996/,117529人评价
210,终结者2：审判日,8.6,少见的超越首部的续集，动作片中的经典。,1991/美国法国/动作科幻,https://movie.douban.com/subject/1291844/,176766人评价
211,源代码,8.4,邓肯·琼斯继《月球》之后再度奉献出一部精彩绝伦的科幻佳作。,2011/美国加拿大/科幻悬疑惊悚,https://movie.douban.com/subject/3075287/,481348人评价
212,新龙门客栈,8.5,嬉笑怒骂，调风动月。,1992/香港中国大陆/剧情动作武侠古装,https://movie.douban.com/subject/1292287/,230686人评价
213,疯狂的石头,8.3,中国版《两杆大烟枪》。,2006/中国大陆香港/喜剧犯罪,https://movie.douban.com/subject/1862151/,401379人评价
214,初恋这件小事,8.3,黑小鸭速效美白记。,2010/泰国/剧情喜剧爱情,https://movie.douban.com/subject/4739952/,566975人评价
215,东京物语,9.2,东京那么大，如果有一天走失了，恐怕一辈子不能再相见。,1953/日本/剧情家庭,https://movie.douban.com/subject/1291568/,64561人评价
216,爱在午夜降临前,8.8,所谓爱情，就是话唠一路，都不会心生腻烦，彼此嫌弃。,2013/美国/剧情爱情,https://movie.douban.com/subject/10808442/,146970人评价
217,城市之光,9.3,永远的小人物，伟大的卓别林。,1931/美国/喜剧剧情爱情,https://movie.douban.com/subject/1293908/,57649人评价
218,无耻混蛋,8.5,昆汀同学越来越变态了，比北野武还杜琪峰。,2009/美国德国/剧情犯罪,https://movie.douban.com/subject/1438652/,266580人评价
219,绿里奇迹,8.7,天使暂时离开。,1999/美国/犯罪剧情奇幻悬疑,https://movie.douban.com/subject/1300374/,130550人评价
220,这个男人来自地球,8.5,科幻真正的魅力不是视觉效果能取代的。 ,2007/美国/剧情科幻,https://movie.douban.com/subject/2300586/,224263人评价
221,E.T. 外星人,8.5,生病的E.T.皮肤的颜色就像柿子饼。,1982/美国/剧情科幻,https://movie.douban.com/subject/1294638/,191537人评价
222,末路狂花,8.7,没有了退路，只好飞向自由。,1991/美国法国/犯罪剧情惊悚,https://movie.douban.com/subject/1291992/,125654人评价
223,彗星来的那一夜,8.5,小成本大魅力。,2013/美国英国/科幻悬疑惊悚,https://movie.douban.com/subject/25807345/,239830人评价
224,勇闯夺命岛,8.6,类型片的极致。 ,1996/美国/动作冒险,https://movie.douban.com/subject/1292728/,167821人评价
225,天书奇谭,9.1,传奇的年代，醉人的童话。,1983(中国大陆)/2019(中国大陆重映)/中国大陆/动画,https://movie.douban.com/subject/1428581/,67656人评价
226,秒速5厘米,8.3,青春就是放弃和怀念。,2007/日本/动画剧情爱情,https://movie.douban.com/subject/2043546/,371730人评价
227,血钻,8.6,每个美丽事物背后都是滴血的现实。,2006/美国德国/剧情惊悚冒险,https://movie.douban.com/subject/1428175/,169824人评价
228,变脸,8.4,当发哥的风衣、墨镜出现在了凯奇身上⋯⋯,1997/美国/动作科幻犯罪惊悚,https://movie.douban.com/subject/1292659/,251949人评价
229,聚焦,8.8,新闻人的理性求真。,2015/美国/剧情传记,https://movie.douban.com/subject/25954475/,156731人评价
230,发条橙,8.5,我完全康复了。,1971/英国美国/犯罪剧情科幻,https://movie.douban.com/subject/1292233/,218075人评价
231,黄金三镖客,9.1,最棒的西部片。,1966/意大利西班牙西德/冒险西部,https://movie.douban.com/subject/1401118/,64235人评价
232,卡萨布兰卡,8.6,世界上有那么多女人那么多酒馆，但她偏偏走进我的这家。,1942/美国/剧情爱情战争,https://movie.douban.com/subject/1296753/,147487人评价
233,海蒂和爷爷,9.1,,2015/德国瑞士南非/剧情冒险家庭,https://movie.douban.com/subject/25958717/,74169人评价
234,非常嫌疑犯,8.6,我不信仰上帝，但我敬畏上帝。,1995/德国美国/剧情犯罪悬疑惊悚,https://movie.douban.com/subject/1292214/,146196人评价
235,国王的演讲,8.3,皇上无话儿。,2010/英国澳大利亚美国/剧情传记历史,https://movie.douban.com/subject/4023638/,402454人评价
236,黑鹰坠落,8.6,还原真实而残酷的战争。,2001/美国/动作历史战争,https://movie.douban.com/subject/1291824/,148896人评价
237,碧海蓝天,8.7,在那片深蓝中，感受来自大海的忧伤寂寞与美丽自由。,1988/法国美国意大利/剧情爱情,https://movie.douban.com/subject/1300960/,118069人评价
238,美国丽人,8.5,每个人的内心都是深不可测的大海。 ,1999/美国/剧情爱情家庭,https://movie.douban.com/subject/1292062/,219180人评价
239,2001太空漫游,8.7,现代科幻电影的开山之作，最伟大导演的最伟大影片。,1968/英国美国/科幻惊悚冒险,https://movie.douban.com/subject/1292226/,125210人评价
240,我爱你,9.0,你要相信，这世上真的有爱存在，不管在什么年纪 ,2011/韩国/剧情爱情,https://movie.douban.com/subject/5908478/,74505人评价
241,千钧一发,8.7,一部能引人思考的科幻励志片。,1997/美国/剧情科幻惊悚,https://movie.douban.com/subject/1300117/,113691人评价
242,遗愿清单,8.5,用剩余不多的时间，去燃烧整个生命。,2007/美国/冒险喜剧剧情,https://movie.douban.com/subject/1867345/,164148人评价
243,海盗电台,8.6,生命不止，摇滚不死。,2009/英国德国法国/剧情喜剧音乐,https://movie.douban.com/subject/3007773/,185643人评价
244,荒野生存,8.6,出门必备：本草纲目。,2007/美国/冒险传记剧情,https://movie.douban.com/subject/1905462/,150415人评价
245,英国病人,8.5,"In memory, love lives forever...",1996/美国英国/爱情剧情战争,https://movie.douban.com/subject/1291853/,198800人评价
246,荒岛余生,8.5,一个人的独角戏。,2000/美国/冒险剧情,https://movie.douban.com/subject/1298653/,166073人评价
247,勇士,8.9,热血沸腾，相当完美的娱乐拳击大餐。,2011/美国/剧情运动家庭,https://movie.douban.com/subject/3217169/,100989人评价
248,枪火,8.7,一群演技精湛的戏骨，奉献出一个精致的黑帮小品，成就杜琪峰群戏的巅峰之作。,1999/香港/剧情动作犯罪,https://movie.douban.com/subject/1300741/,120647人评价
249,疯狂的麦克斯4：狂暴之路,8.6,,2015/澳大利亚美国/动作科幻冒险,https://movie.douban.com/subject/3592854/,254838人评价
250,迁徙的鸟,9.1,最美的飞翔。,2001/法国德国意大利西班牙瑞士/纪录片,https://movie.douban.com/subject/1292281/,58436人评价
